<beans xmlns="http://www.springframework.org/schema/beans" xmlns:xsi="http://www.w3.org/2001/XMLSchema-instance"
	xmlns:context="http://www.springframework.org/schema/context" xmlns:p="http://www.springframework.org/schema/p" xmlns:tx="http://www.springframework.org/schema/tx"
	xsi:schemaLocation="http://www.springframework.org/schema/beans http://www.springframework.org/schema/beans/spring-beans.xsd
http://www.springframework.org/schema/tx http://www.springframework.org/schema/tx/spring-tx-3.2.xsd
http://www.springframework.org/schema/context http://www.springframework.org/schema/context/spring-context-3.1.xsd">

	<!-- Root Context: defines shared resources visible to all other web components -->
	<import resource="data-source.xml" />

	<!-- DAO declarations -->
	<!-- <bean id="userDao" class="com.tournesol.appmonitor.dao.user.UserDaoJpa" /> -->

	<bean id="configProperties" class="org.springframework.beans.factory.config.PropertiesFactoryBean">
		<property name="location">
			<value>/WEB-INF/database/database.properties</value>
		</property>
	</bean>

	<context:property-placeholder properties-ref="configProperties" />

	<context:annotation-config />
	<context:component-scan base-package="com.tournesol.appmonitor.dao" />
	<context:component-scan base-package="com.tournesol.appmonitor.service" />
</beans>
